id_mantenimiento,id_luminaria,fecha_instalacion,fecha_falla,fecha_cambio,dias_hasta_falla,dias_respuesta,motivo_cambio,horas_uso_acumuladas,vida_util_real_calculada
1,LED-00004,2020-07-12,2024-06-19,2024-06-26,1438,7,FALLA,48960,39757
2,LED-00005,2021-03-21,2024-08-26,2024-09-01,1254,6,FALLA,42912,35168
3,LED-00007,2020-10-02,2024-01-19,2024-01-20,1204,1,FALLA,46992,33828
4,LED-00008,2020-06-09,2025-07-10,2025-07-15,1857,5,FALLA,49752,48408
5,LED-00009,2019-12-11,2024-02-14,2024-02-17,1526,3,FALLA,54096,42812
6,LED-00010,2021-03-26,2025-03-28,2025-04-03,1463,6,FALLA,42792,39619
7,LED-00011,2020-04-13,2023-10-24,2023-10-25,1289,1,FALLA,51120,32864
8,LED-00014,2021-09-05,2025-03-28,2025-04-02,1300,5,FALLA,38880,32889
9,LED-00015,2022-05-19,2024-04-10,2024-04-16,692,6,FALLA,32736,19462
10,LED-00016,2021-09-12,2025-09-14,2025-09-17,1463,3,FALLA,38712,38877
11,LED-00017,2021-06-15,2025-03-23,2025-03-24,1377,1,FALLA,40848,35452
12,LED-00018,2021-08-28,2025-10-01,2025-10-02,1495,1,FALLA,39072,37594
13,LED-00020,2020-07-30,2023-04-11,2023-04-15,985,4,FALLA,48528,26468
14,LED-00023,2020-02-13,2023-11-16,2023-11-19,1372,3,FALLA,52560,36066
15,LED-00024,2021-07-23,2025-03-04,2025-03-08,1320,4,FALLA,39936,33553
16,LED-00025,2019-08-21,2022-12-04,2022-12-09,1201,5,FALLA,56784,32993
17,LED-00026,2019-11-17,2023-09-09,2023-09-10,1392,1,FALLA,54672,37991
18,LED-00028,2022-04-13,2025-08-14,2025-08-17,1219,3,FALLA,33600,30615
19,LED-00029,2021-06-15,2025-03-29,2025-04-01,1383,3,FALLA,40848,35159
20,LED-00030,2020-01-09,2024-07-01,2024-07-03,1635,2,FALLA,53400,45051
21,LED-00032,2022-05-30,2025-12-09,2025-12-15,1289,6,FALLA,32472,34679
22,LED-00033,2019-08-26,2023-10-01,2023-10-06,1497,5,FALLA,56664,40644
23,LED-00034,2019-12-14,2024-11-18,2024-11-24,1801,6,FALLA,54024,45355
24,LED-00035,2020-01-10,2024-08-08,2024-08-09,1672,1,FALLA,53376,42986
25,LED-00036,2022-03-19,2025-08-13,2025-08-18,1243,5,FALLA,34200,35033
26,LED-00037,2021-06-16,2024-12-04,2024-12-10,1267,6,FALLA,40824,34873
27,LED-00038,2019-12-31,2023-01-08,2023-01-15,1104,7,FALLA,53616,28498
28,LED-00042,2021-05-03,2025-03-03,2025-03-05,1400,2,FALLA,41880,39332
29,LED-00044,2020-05-28,2024-01-01,2024-01-03,1313,2,FALLA,50040,33853
30,LED-00046,2020-10-14,2025-01-02,2025-01-05,1541,3,FALLA,46704,42995
31,LED-00047,2019-12-25,2023-03-25,2023-03-27,1186,2,FALLA,53760,32263
32,LED-00049,2020-06-09,2023-03-10,2023-03-15,1004,5,FALLA,49752,28309
33,LED-00050,2020-04-22,2024-01-14,2024-01-15,1362,1,FALLA,50904,35868
34,LED-00051,2020-04-24,2024-03-19,2024-03-25,1425,6,FALLA,50856,36693
35,LED-00052,2022-05-10,2025-07-28,2025-08-01,1175,4,FALLA,32952,30158
36,LED-00057,2021-03-21,2024-05-27,2024-06-02,1163,6,FALLA,42912,29236
37,LED-00059,2020-12-17,2025-01-26,2025-02-02,1501,7,FALLA,45168,37636
38,LED-00060,2020-06-25,2024-02-29,2024-03-05,1344,5,FALLA,49368,37428
39,LED-00063,2020-07-29,2022-12-15,2022-12-22,869,7,FALLA,48552,24126
40,LED-00064,2019-12-29,2024-08-14,2024-08-20,1690,6,FALLA,53664,43100
41,LED-00066,2021-01-15,2024-10-27,2024-10-29,1381,2,FALLA,44472,36633
42,LED-00067,2022-02-09,2025-10-23,2025-10-30,1352,7,FALLA,35112,37522
43,LED-00068,2022-08-02,2025-11-07,2025-11-13,1193,6,FALLA,30936,32293
44,LED-00070,2021-11-29,2025-08-19,2025-08-26,1359,7,FALLA,36840,35023
45,LED-00071,2020-09-27,2024-02-16,2024-02-18,1237,2,FALLA,47112,33964
46,LED-00074,2020-08-11,2024-03-11,2024-03-14,1308,3,FALLA,48240,34724
47,LED-00078,2021-11-11,2025-09-06,2025-09-09,1395,3,FALLA,37272,34870
48,LED-00082,2020-08-07,2025-03-01,2025-03-04,1667,3,FALLA,48336,45607
49,LED-00083,2022-11-13,2025-04-03,2025-04-08,872,5,FALLA,28464,23381
50,LED-00084,2020-07-03,2025-10-05,2025-10-11,1920,6,FALLA,49176,47353
51,LED-00085,2020-08-17,2024-08-28,2024-09-01,1472,4,FALLA,48096,39599
52,LED-00086,2021-03-19,2023-06-29,2023-07-02,832,3,FALLA,42960,22964
53,LED-00087,2020-07-24,2024-03-17,2024-03-18,1332,1,FALLA,48672,36652
54,LED-00088,2019-09-20,2022-10-28,2022-10-29,1134,1,FALLA,56064,31613
55,LED-00090,2019-10-27,2022-03-30,2022-04-02,885,3,FALLA,55176,23975
56,LED-00091,2021-02-16,2024-07-18,2024-07-21,1248,3,FALLA,43704,33369
57,LED-00092,2021-01-20,2023-11-29,2023-12-03,1043,4,FALLA,44352,25907
58,LED-00094,2023-06-20,2025-07-30,2025-08-03,771,4,FALLA,23208,21380
59,LED-00097,2020-01-18,2022-11-23,2022-11-28,1040,5,FALLA,53184,28319
60,LED-00099,2021-09-25,2025-05-15,2025-05-20,1328,5,FALLA,38400,36084
61,LED-00101,2020-11-11,2024-03-04,2024-03-11,1209,7,FALLA,46032,33566
62,LED-00102,2022-11-05,2025-07-16,2025-07-17,984,1,FALLA,28656,25708
63,LED-00103,2020-05-20,2024-12-29,2025-01-02,1684,4,FALLA,50232,42602
64,LED-00105,2021-04-21,2024-12-21,2024-12-27,1340,6,FALLA,42168,33996
65,LED-00107,2021-08-07,2025-07-18,2025-07-23,1441,5,FALLA,39576,38402
66,LED-00110,2019-12-18,2024-03-27,2024-04-02,1561,6,FALLA,53928,43177
67,LED-00111,2021-04-30,2025-04-14,2025-04-21,1445,7,FALLA,41952,39313
68,LED-00118,2019-12-06,2024-09-28,2024-10-03,1758,5,FALLA,54216,43438
69,LED-00120,2022-04-05,2026-01-10,2026-01-13,1376,3,FALLA,33792,36646
70,LED-00121,2020-11-11,2025-11-17,2025-11-21,1832,4,FALLA,46032,48395
71,LED-00122,2021-05-03,2024-08-08,2024-08-13,1193,5,FALLA,41880,31940
72,LED-00123,2022-08-30,2025-07-12,2025-07-15,1047,3,FALLA,30264,27823
73,LED-00124,2021-05-25,2026-01-14,2026-01-21,1695,7,FALLA,41352,42946
74,LED-00126,2019-09-06,2022-09-26,2022-10-02,1116,6,FALLA,56400,30788
75,LED-00127,2020-06-20,2022-11-10,2022-11-16,873,6,FALLA,49488,24578
76,LED-00128,2020-11-09,2023-11-21,2023-11-28,1107,7,FALLA,46080,30212
77,LED-00129,2021-12-03,2025-07-06,2025-07-07,1311,1,FALLA,36744,36469
78,LED-00131,2020-07-18,2023-05-12,2023-05-14,1028,2,FALLA,48816,27592
79,LED-00133,2020-04-23,2024-12-15,2024-12-19,1697,4,FALLA,50880,42308
80,LED-00134,2020-08-10,2024-04-29,2024-04-30,1358,1,FALLA,48264,36833
81,LED-00135,2020-09-26,2025-01-06,2025-01-07,1563,1,FALLA,47136,43014
82,LED-00139,2020-05-23,2024-08-25,2024-08-29,1555,4,FALLA,50160,39472
83,LED-00140,2020-04-02,2022-07-18,2022-07-20,837,2,FALLA,51384,22429
84,LED-00142,2020-04-24,2024-03-09,2024-03-12,1415,3,FALLA,50856,37136
85,LED-00143,2021-10-24,2025-09-02,2025-09-03,1409,1,FALLA,37704,38348
86,LED-00145,2021-10-28,2024-11-19,2024-11-20,1118,1,FALLA,37608,28405
87,LED-00146,2021-05-14,2025-06-24,2025-06-26,1502,2,FALLA,41616,39461
88,LED-00147,2019-12-20,2024-05-02,2024-05-05,1595,3,FALLA,53880,43081
89,LED-00150,2020-02-07,2023-11-19,2023-11-20,1381,1,FALLA,52704,37211
90,LED-00202,2022-01-08,2025-01-09,2025-01-15,1097,6,FALLA,35880,30028
91,LED-00203,2020-09-23,2025-02-08,2025-02-10,1599,2,FALLA,47208,43585
92,LED-00204,2020-07-30,2024-04-26,2024-04-30,1366,4,FALLA,48528,34052
93,LED-00207,2022-02-05,2024-09-01,2024-09-03,939,2,FALLA,35208,25567
94,LED-00208,2020-03-29,2024-07-17,2024-07-24,1571,7,FALLA,51480,39882
95,LED-00209,2021-10-29,2026-01-29,2026-01-31,1553,2,FALLA,37584,43112
96,LED-00210,2020-09-19,2025-09-07,2025-09-12,1814,5,FALLA,47304,50296
97,LED-00214,2020-07-26,2025-02-16,2025-02-22,1666,6,FALLA,48624,42661
98,LED-00215,2019-10-29,2024-07-09,2024-07-10,1715,1,FALLA,55128,45005
99,LED-00216,2021-03-02,2025-07-19,2025-07-22,1600,3,FALLA,43368,40882
100,LED-00217,2019-11-11,2025-05-03,2025-05-07,2000,4,FALLA,54816,49003
101,LED-00218,2020-02-03,2022-11-29,2022-12-05,1030,6,FALLA,52800,26773
102,LED-00220,2021-11-25,2024-08-01,2024-08-06,980,5,FALLA,36936,27667
103,LED-00221,2019-11-06,2023-01-31,2023-02-02,1182,2,FALLA,54936,31596
104,LED-00223,2020-06-23,2022-06-17,2022-06-21,724,4,FALLA,49416,19322
105,LED-00225,2021-06-17,2025-07-26,2025-07-29,1500,3,FALLA,40800,37072
106,LED-00229,2022-05-29,2025-07-31,2025-08-04,1159,4,FALLA,32496,29158
107,LED-00230,2020-05-02,2025-02-21,2025-02-25,1756,4,FALLA,50664,44067
108,LED-00231,2021-10-12,2024-09-19,2024-09-25,1073,6,FALLA,37992,28765
109,LED-00234,2022-08-20,2025-07-31,2025-08-06,1076,6,FALLA,30504,27822
110,LED-00237,2023-01-23,2025-10-26,2025-10-27,1007,1,FALLA,26760,25020
111,LED-00242,2020-02-28,2023-02-04,2023-02-07,1072,3,FALLA,52200,27155
112,LED-00244,2020-01-21,2023-12-18,2023-12-20,1427,2,FALLA,53112,36136
113,LED-00245,2019-09-06,2023-01-04,2023-01-05,1216,1,FALLA,56400,30041
114,LED-00246,2021-05-06,2024-09-27,2024-09-28,1240,1,FALLA,41808,32461
115,LED-00247,2019-11-28,2024-02-13,2024-02-20,1538,7,FALLA,54408,38620
116,LED-00250,2019-09-07,2023-04-13,2023-04-20,1314,7,FALLA,56376,34530
117,LED-00251,2023-04-22,2025-03-30,2025-04-01,708,2,FALLA,24624,19805
118,LED-00253,2020-12-24,2024-05-13,2024-05-20,1236,7,FALLA,45000,31900
119,LED-00254,2020-06-14,2024-02-04,2024-02-09,1330,5,FALLA,49632,37245
120,LED-00255,2021-02-07,2024-09-10,2024-09-16,1311,6,FALLA,43920,34344
121,LED-00256,2020-10-03,2024-05-07,2024-05-10,1312,3,FALLA,46968,34306
122,LED-00257,2020-07-06,2023-09-01,2023-09-05,1152,4,FALLA,49104,28883
123,LED-00259,2020-12-03,2024-08-08,2024-08-13,1344,5,FALLA,45504,36610
124,LED-00260,2022-03-14,2025-05-14,2025-05-17,1157,3,FALLA,34320,30148
125,LED-00261,2022-01-12,2024-10-08,2024-10-14,1000,6,FALLA,35784,26332
126,LED-00262,2020-08-30,2024-07-21,2024-07-27,1421,6,FALLA,47784,35028
127,LED-00263,2022-03-31,2025-04-29,2025-05-06,1125,7,FALLA,33912,27939
128,LED-00266,2021-10-17,2024-12-13,2024-12-16,1153,3,FALLA,37872,32513
129,LED-00268,2022-04-16,2025-05-20,2025-05-24,1130,4,FALLA,33528,30671
130,LED-00271,2021-09-24,2025-07-21,2025-07-26,1396,5,FALLA,38424,36209
131,LED-00272,2021-04-03,2025-12-08,2025-12-14,1710,6,FALLA,42600,42290
132,LED-00274,2020-04-23,2023-10-06,2023-10-12,1261,6,FALLA,50880,31664
133,LED-00276,2020-05-10,2023-06-30,2023-07-05,1146,5,FALLA,50472,28144
134,LED-00278,2021-11-29,2024-11-29,2024-12-06,1096,7,FALLA,36840,28735
135,LED-00279,2021-03-27,2025-02-07,2025-02-12,1413,5,FALLA,42768,37274
136,LED-00280,2020-07-10,2025-04-16,2025-04-20,1741,4,FALLA,49008,46325
137,LED-00284,2019-11-02,2023-03-31,2023-04-04,1245,4,FALLA,55032,30959
138,LED-00285,2021-04-26,2024-04-02,2024-04-05,1072,3,FALLA,42048,27776
139,LED-00286,2020-12-18,2025-10-18,2025-10-23,1765,5,FALLA,45144,45911
140,LED-00287,2020-02-05,2023-09-16,2023-09-18,1319,2,FALLA,52752,36932
141,LED-00288,2021-05-18,2025-01-05,2025-01-12,1328,7,FALLA,41520,35141
142,LED-00289,2019-11-14,2024-01-28,2024-01-31,1536,3,FALLA,54744,37643
143,LED-00290,2019-12-25,2023-11-11,2023-11-13,1417,2,FALLA,53760,39318
144,LED-00294,2021-09-10,2025-06-18,2025-06-25,1377,7,FALLA,38760,34988
145,LED-00295,2021-06-17,2024-10-17,2024-10-20,1218,3,FALLA,40800,30866
146,LED-00296,2021-03-22,2025-04-06,2025-04-08,1476,2,FALLA,42888,40085
147,LED-00298,2020-07-24,2023-08-10,2023-08-14,1112,4,FALLA,48672,30763
148,LED-00301,2019-12-07,2022-09-22,2022-09-25,1020,3,FALLA,54192,27356
149,LED-00304,2020-02-07,2024-05-12,2024-05-15,1556,3,FALLA,52704,38401
150,LED-00308,2022-02-24,2025-09-04,2025-09-11,1288,7,FALLA,34752,31626
151,LED-00312,2022-12-24,2026-01-18,2026-01-25,1121,7,FALLA,27480,28607
152,LED-00313,2021-11-02,2025-08-17,2025-08-18,1384,1,FALLA,37488,37926
153,LED-00314,2021-06-25,2025-09-02,2025-09-04,1530,2,FALLA,40608,39500
154,LED-00316,2019-09-18,2023-10-26,2023-10-29,1499,3,FALLA,56112,41323
155,LED-00319,2020-03-21,2022-05-16,2022-05-19,786,3,FALLA,51672,21124
156,LED-00320,2020-05-30,2023-04-18,2023-04-22,1053,4,FALLA,49992,29106
157,LED-00322,2019-11-17,2024-07-28,2024-07-30,1715,2,FALLA,54672,46151
158,LED-00323,2020-09-30,2024-09-24,2024-09-29,1455,5,FALLA,47040,37416
159,LED-00325,2020-11-02,2024-08-14,2024-08-16,1381,2,FALLA,46248,37523
160,LED-00326,2021-07-22,2025-10-31,2025-11-06,1562,6,FALLA,39960,41224
161,LED-00327,2021-01-03,2024-06-26,2024-07-01,1270,5,FALLA,44760,34400
162,LED-00328,2021-02-22,2024-10-15,2024-10-18,1331,3,FALLA,43560,37505
163,LED-00329,2020-08-29,2024-08-29,2024-08-31,1461,2,FALLA,47808,37261
164,LED-00330,2022-01-26,2025-08-18,2025-08-20,1300,2,FALLA,35448,35101
165,LED-00331,2020-07-26,2025-01-05,2025-01-12,1624,7,FALLA,48624,45315
166,LED-00333,2020-04-06,2024-08-18,2024-08-24,1595,6,FALLA,51288,39544
167,LED-00337,2020-12-24,2025-06-25,2025-07-01,1644,6,FALLA,45000,43100
168,LED-00338,2019-11-03,2023-07-26,2023-08-01,1361,6,FALLA,55008,38180
169,LED-00340,2021-10-06,2024-01-04,2024-01-11,820,7,FALLA,38136,22426
170,LED-00343,2020-03-30,2025-10-21,2025-10-23,2031,2,FALLA,51456,55042
171,LED-00345,2020-09-08,2024-10-01,2024-10-03,1484,2,FALLA,47568,39589
172,LED-00347,2021-04-22,2025-09-15,2025-09-17,1607,2,FALLA,42144,41612
173,LED-00349,2019-12-19,2023-09-05,2023-09-06,1356,1,FALLA,53904,35979
174,LED-00350,2021-01-27,2024-04-12,2024-04-13,1171,1,FALLA,44184,30481
175,LED-00353,2021-11-13,2025-07-17,2025-07-20,1342,3,FALLA,37224,34717
176,LED-00354,2021-07-08,2025-05-17,2025-05-22,1409,5,FALLA,40296,38954
177,LED-00355,2020-08-10,2025-02-05,2025-02-07,1640,2,FALLA,48264,45805
178,LED-00356,2020-07-01,2025-01-31,2025-02-04,1675,4,FALLA,49224,45780
179,LED-00357,2019-08-24,2024-07-01,2024-07-04,1773,3,FALLA,56712,43631
180,LED-00358,2021-11-13,2025-08-03,2025-08-06,1359,3,FALLA,37224,38254
181,LED-00361,2020-07-31,2025-11-09,2025-11-11,1927,2,FALLA,48504,48270
182,LED-00362,2019-09-19,2022-12-23,2022-12-25,1191,2,FALLA,56088,31963
183,LED-00365,2020-08-23,2024-10-21,2024-10-26,1520,5,FALLA,47952,39645
184,LED-00369,2019-08-13,2024-01-13,2024-01-19,1614,6,FALLA,56976,42285
185,LED-00372,2019-09-04,2023-12-28,2023-12-29,1576,1,FALLA,56448,44369
186,LED-00373,2020-01-04,2023-09-24,2023-09-30,1359,6,FALLA,53520,34169
187,LED-00377,2021-09-04,2025-01-25,2025-01-28,1239,3,FALLA,38904,34405
188,LED-00379,2020-11-27,2025-10-16,2025-10-19,1784,3,FALLA,45648,47463
189,LED-00382,2019-09-27,2024-03-01,2024-03-03,1617,2,FALLA,55896,42420
190,LED-00384,2021-11-18,2026-01-13,2026-01-16,1517,3,FALLA,37104,38297
191,LED-00386,2021-04-02,2025-07-07,2025-07-11,1557,4,FALLA,42624,39690
192,LED-00387,2020-02-13,2024-12-21,2024-12-26,1773,5,FALLA,52560,47456
193,LED-00388,2020-08-27,2025-02-21,2025-02-23,1639,2,FALLA,47856,43413
194,LED-00390,2020-04-14,2025-03-03,2025-03-08,1784,5,FALLA,51096,43904
195,LED-00391,2021-11-15,2025-06-15,2025-06-18,1308,3,FALLA,37176,36680
196,LED-00397,2020-06-28,2024-06-09,2024-06-10,1442,1,FALLA,49296,38497
197,LED-00399,2019-09-21,2024-11-21,2024-11-22,1888,1,FALLA,56040,48310
198,LED-00402,2019-08-24,2024-02-25,2024-02-29,1646,4,FALLA,56712,44440
199,LED-00405,2020-01-30,2024-03-22,2024-03-26,1513,4,FALLA,52896,41298
200,LED-00411,2020-04-01,2023-11-27,2023-12-04,1335,7,FALLA,51408,36533
201,LED-00412,2020-05-24,2024-11-29,2024-12-01,1650,2,FALLA,50136,44938
202,LED-00413,2021-02-14,2025-02-10,2025-02-14,1457,4,FALLA,43752,37716
203,LED-00414,2019-09-22,2024-12-11,2024-12-14,1907,3,FALLA,56016,47302
204,LED-00416,2020-10-12,2024-01-19,2024-01-21,1194,2,FALLA,46752,33670
205,LED-00421,2019-10-22,2024-09-08,2024-09-09,1783,1,FALLA,55296,48584
206,LED-00422,2020-05-11,2023-07-28,2023-08-03,1173,6,FALLA,50448,32934
207,LED-00424,2019-10-26,2025-04-13,2025-04-18,1996,5,FALLA,55200,49608
208,LED-00425,2020-05-09,2023-10-21,2023-10-26,1260,5,FALLA,50496,33861
209,LED-00427,2019-12-07,2024-07-15,2024-07-18,1682,3,FALLA,54192,43172
210,LED-00429,2020-04-21,2024-11-27,2024-12-03,1681,6,FALLA,50928,45363
211,LED-00431,2020-12-13,2025-10-02,2025-10-08,1754,6,FALLA,45264,44658
212,LED-00449,2019-09-02,2025-04-09,2025-04-12,2046,3,FALLA,56496,55420
213,LED-00451,2020-03-04,2025-12-19,2025-12-23,2116,4,FALLA,52080,56762
214,LED-00452,2019-08-10,2024-04-02,2024-04-05,1697,3,FALLA,57048,45901
215,LED-00470,2020-05-02,2025-05-07,2025-05-14,1831,7,FALLA,50664,50473
216,LED-00480,2021-06-13,2025-12-22,2025-12-27,1653,5,FALLA,40896,45165
217,LED-00481,2019-11-12,2024-10-15,2024-10-21,1799,6,FALLA,54792,45887
218,LED-00482,2019-12-06,2024-02-12,2024-02-14,1529,2,FALLA,54216,39938
219,LED-00483,2020-10-22,2025-03-17,2025-03-24,1607,7,FALLA,46512,42821
220,LED-00495,2019-10-21,2024-07-18,2024-07-23,1732,5,FALLA,55320,43889
221,LED-00497,2020-01-27,2025-09-30,2025-10-06,2073,6,FALLA,52968,55854
222,LED-00504,2019-08-22,2024-05-28,2024-06-01,1741,4,FALLA,56760,46852
223,LED-00521,2019-10-15,2025-04-24,2025-04-27,2018,3,FALLA,55464,49440
224,LED-00525,2021-03-17,2025-09-07,2025-09-13,1635,6,FALLA,43008,44169
225,LED-00528,2020-11-16,2025-01-15,2025-01-16,1521,1,FALLA,45912,42074
226,LED-00531,2019-08-31,2026-01-25,2026-01-31,2339,6,FALLA,56544,58524
227,LED-00532,2019-11-23,2026-01-19,2026-01-23,2249,4,FALLA,54528,57036
228,LED-00536,2020-10-19,2025-07-01,2025-07-02,1716,1,FALLA,46584,46471
229,LED-00541,2019-10-14,2025-03-17,2025-03-19,1981,2,FALLA,55488,52073
230,LED-00542,2019-11-21,2024-06-11,2024-06-17,1664,6,FALLA,54576,41274
231,LED-00544,2020-01-25,2024-09-12,2024-09-17,1692,5,FALLA,53016,47563
232,LED-00560,2019-10-21,2025-01-05,2025-01-06,1903,1,FALLA,55320,52783
233,LED-00561,2020-06-17,2024-02-05,2024-02-08,1328,3,FALLA,49560,36600
234,LED-00565,2019-10-26,2025-10-23,2025-10-24,2189,1,FALLA,55200,56156
235,LED-00567,2021-07-03,2025-05-31,2025-06-04,1428,4,FALLA,40416,36462
236,LED-00569,2020-02-11,2024-03-09,2024-03-14,1488,5,FALLA,52608,40026
237,LED-00570,2020-06-09,2025-03-17,2025-03-24,1742,7,FALLA,49752,47590
238,LED-00571,2020-03-01,2025-02-06,2025-02-08,1803,2,FALLA,52152,50008
239,LED-00584,2019-11-30,2025-02-12,2025-02-16,1901,4,FALLA,54360,51589
240,LED-00590,2019-09-28,2025-01-13,2025-01-16,1934,3,FALLA,55872,54396
241,LED-00594,2021-01-13,2025-06-23,2025-06-24,1622,1,FALLA,44520,43568
242,LED-00599,2020-06-02,2024-10-19,2024-10-22,1600,3,FALLA,49920,40983
243,LED-00600,2020-06-23,2026-01-21,2026-01-22,2038,1,FALLA,49416,51718
244,LED-00604,2020-03-30,2025-10-15,2025-10-20,2025,5,FALLA,51456,49646
245,LED-00606,2020-07-22,2025-03-16,2025-03-22,1698,6,FALLA,48720,43961
246,LED-00613,2021-03-23,2025-02-10,2025-02-12,1420,2,FALLA,42864,39260
247,LED-00615,2021-07-22,2025-10-03,2025-10-08,1534,5,FALLA,39960,41940
248,LED-00619,2019-11-22,2023-11-24,2023-11-29,1463,5,FALLA,54552,38178
249,LED-00623,2021-03-12,2024-11-15,2024-11-17,1344,2,FALLA,43128,34374
250,LED-00624,2020-11-01,2024-10-14,2024-10-21,1443,7,FALLA,46272,36850
251,LED-00629,2020-04-21,2024-11-10,2024-11-17,1664,7,FALLA,50928,44896
252,LED-00631,2020-03-27,2025-09-25,2025-09-28,2008,3,FALLA,51528,49781
253,LED-00632,2021-01-15,2025-03-22,2025-03-24,1527,2,FALLA,44472,41050
254,LED-00633,2021-03-04,2024-07-20,2024-07-21,1234,1,FALLA,43320,34232
255,LED-00634,2019-08-26,2023-09-03,2023-09-04,1469,1,FALLA,56664,38513
256,LED-00635,2019-12-01,2023-10-08,2023-10-13,1407,5,FALLA,54336,35002
257,LED-00636,2020-06-29,2024-06-03,2024-06-10,1435,7,FALLA,49272,40161
258,LED-00642,2021-06-27,2025-05-05,2025-05-09,1408,4,FALLA,40560,36281
259,LED-00643,2019-09-26,2023-10-28,2023-11-03,1493,6,FALLA,55920,39071
260,LED-00648,2020-06-19,2025-01-15,2025-01-21,1671,6,FALLA,49512,43240
261,LED-00649,2020-06-08,2024-06-02,2024-06-03,1455,1,FALLA,49776,39962
262,LED-00650,2019-10-30,2024-12-04,2024-12-09,1862,5,FALLA,55104,47726
263,LED-00651,2021-08-08,2026-01-31,2026-02-04,1637,4,FALLA,39552,43580
264,LED-00652,2021-03-19,2025-04-26,2025-04-28,1499,2,FALLA,42960,39295
265,LED-00654,2020-03-21,2024-04-07,2024-04-11,1478,4,FALLA,51672,37990
266,LED-00659,2020-06-19,2025-05-22,2025-05-25,1798,3,FALLA,49512,47907
267,LED-00661,2021-03-07,2026-01-02,2026-01-07,1762,5,FALLA,43248,43207
268,LED-00662,2020-02-06,2023-12-27,2024-01-01,1420,5,FALLA,52728,37747
269,LED-00663,2019-12-25,2025-06-14,2025-06-19,1998,5,FALLA,53760,50058
270,LED-00664,2020-03-03,2024-05-24,2024-05-25,1543,1,FALLA,52104,40976
271,LED-00665,2019-09-12,2023-04-30,2023-05-06,1326,6,FALLA,56256,32702
272,LED-00668,2021-08-14,2024-06-29,2024-07-02,1050,3,FALLA,39408,29545
273,LED-00670,2021-05-04,2025-03-20,2025-03-24,1416,4,FALLA,41856,37575
274,LED-00671,2020-01-14,2024-07-04,2024-07-06,1633,2,FALLA,53280,45954
275,LED-00675,2021-07-06,2025-05-09,2025-05-15,1403,6,FALLA,40344,38180
276,LED-00677,2020-05-27,2023-12-15,2023-12-22,1297,7,FALLA,50064,32594
277,LED-00681,2019-11-16,2024-01-19,2024-01-23,1525,4,FALLA,54696,40020
278,LED-00682,2020-03-07,2024-08-24,2024-08-27,1631,3,FALLA,52008,43340
279,LED-00684,2020-09-17,2025-10-24,2025-10-28,1863,4,FALLA,47352,47343
280,LED-00685,2021-03-05,2025-07-28,2025-07-31,1606,3,FALLA,43296,43806
281,LED-00686,2019-10-14,2023-09-08,2023-09-09,1425,1,FALLA,55488,38086
282,LED-00687,2020-11-09,2024-03-31,2024-04-03,1238,3,FALLA,46080,34402
283,LED-00759,2019-11-27,2025-06-19,2025-06-22,2031,3,FALLA,36288,35648
284,LED-00776,2020-11-10,2025-12-03,2025-12-06,1849,3,FALLA,30704,33758
285,LED-00790,2021-02-04,2025-12-16,2025-12-19,1776,3,FALLA,29328,30842
286,LED-00804,2020-09-10,2025-09-22,2025-09-26,1838,4,FALLA,47520,47996
287,LED-00807,2020-09-15,2024-11-06,2024-11-13,1513,7,FALLA,47400,39786
288,LED-00808,2021-02-18,2025-08-26,2025-08-31,1650,5,FALLA,43656,45045
289,LED-00811,2021-04-05,2025-06-16,2025-06-17,1533,1,FALLA,42552,41732
290,LED-00812,2020-10-08,2025-10-12,2025-10-14,1830,2,FALLA,46848,45024
291,LED-00813,2021-06-03,2025-10-01,2025-10-07,1581,6,FALLA,41136,44323
292,LED-00816,2019-12-10,2023-03-11,2023-03-15,1187,4,FALLA,54120,30379
293,LED-00819,2020-12-08,2024-07-03,2024-07-09,1303,6,FALLA,45384,35628
294,LED-00821,2020-12-15,2025-02-13,2025-02-17,1521,4,FALLA,45216,37964
295,LED-00829,2020-01-02,2025-10-07,2025-10-14,2105,7,FALLA,53568,52918
296,LED-00831,2020-10-13,2025-11-29,2025-12-03,1873,4,FALLA,46728,50623
297,LED-00833,2020-05-12,2023-10-20,2023-10-23,1256,3,FALLA,50424,31327
298,LED-00840,2020-08-20,2025-07-23,2025-07-25,1798,2,FALLA,48024,47449
299,LED-00841,2020-09-27,2025-08-29,2025-09-05,1797,7,FALLA,47112,50258
300,LED-00847,2019-11-26,2024-09-17,2024-09-23,1757,6,FALLA,54456,48948
301,LED-00848,2020-04-28,2025-09-18,2025-09-22,1969,4,FALLA,50760,55129
302,LED-00851,2019-12-25,2024-02-12,2024-02-18,1510,6,FALLA,53760,41831
303,LED-00852,2019-09-30,2025-06-03,2025-06-07,2073,4,FALLA,55824,57626
304,LED-00853,2019-09-08,2025-10-25,2025-10-27,2239,2,FALLA,56352,56742
305,LED-00859,2021-10-25,2025-11-09,2025-11-16,1476,7,FALLA,37680,36655
306,LED-00861,2020-07-16,2024-11-14,2024-11-19,1582,5,FALLA,48864,43713
307,LED-00867,2021-05-05,2025-07-27,2025-08-01,1544,5,FALLA,41832,38153
308,LED-00868,2021-06-02,2024-12-31,2025-01-01,1308,1,FALLA,41160,36574
309,LED-00973,2021-03-29,2025-06-17,2025-06-19,1541,2,FALLA,42720,38907
310,LED-00977,2020-10-16,2024-09-26,2024-09-28,1441,2,FALLA,46656,38650
311,LED-00978,2020-12-19,2023-07-09,2023-07-12,932,3,FALLA,45120,26102
312,LED-00981,2020-10-01,2025-07-22,2025-07-26,1755,4,FALLA,47016,46093
313,LED-00983,2021-08-10,2025-06-22,2025-06-29,1412,7,FALLA,39504,38694
314,LED-00985,2019-12-02,2024-02-12,2024-02-17,1533,5,FALLA,54312,38595
315,LED-00989,2021-04-29,2025-05-14,2025-05-17,1476,3,FALLA,41976,38946
316,LED-00990,2021-05-04,2025-08-28,2025-08-29,1577,1,FALLA,41856,41420
317,LED-00991,2020-06-08,2024-08-18,2024-08-23,1532,5,FALLA,49776,39708
318,LED-00992,2020-06-25,2024-01-12,2024-01-19,1296,7,FALLA,49368,32827
319,LED-00993,2021-06-02,2025-11-24,2025-11-28,1636,4,FALLA,41160,41754
320,LED-00994,2020-07-02,2023-07-16,2023-07-17,1109,1,FALLA,49200,30954
321,LED-00995,2020-02-03,2024-05-20,2024-05-21,1568,1,FALLA,52800,39018
322,LED-00999,2021-07-15,2024-05-08,2024-05-12,1028,4,FALLA,40128,28517
323,LED-01001,2021-05-02,2025-07-01,2025-07-07,1521,6,FALLA,41904,39887
324,LED-01004,2020-09-03,2026-01-20,2026-01-23,1965,3,FALLA,47688,48727
325,LED-01005,2020-03-09,2024-10-02,2024-10-06,1668,4,FALLA,51960,45267
326,LED-01007,2020-02-24,2023-11-17,2023-11-19,1362,2,FALLA,52296,36679
327,LED-01008,2021-05-20,2025-04-02,2025-04-07,1413,5,FALLA,41472,35832
328,LED-01009,2021-11-28,2025-01-23,2025-01-27,1152,4,FALLA,36864,28973
329,LED-01010,2020-09-28,2025-04-05,2025-04-11,1650,6,FALLA,47088,44853
330,LED-01011,2020-08-07,2024-05-10,2024-05-15,1372,5,FALLA,48336,38652
331,LED-01012,2020-06-06,2023-12-27,2024-01-03,1299,7,FALLA,49824,35520
332,LED-01014,2019-10-23,2024-12-09,2024-12-11,1874,2,FALLA,55272,49446
333,LED-01015,2021-04-01,2026-02-02,2026-02-04,1768,2,FALLA,42648,45051
334,LED-01016,2019-09-23,2023-10-01,2023-10-03,1469,2,FALLA,55992,40091
335,LED-01017,2020-03-28,2024-01-27,2024-02-03,1400,7,FALLA,51504,37597
336,LED-01018,2019-11-29,2025-04-16,2025-04-20,1965,4,FALLA,54384,48553
337,LED-01152,2019-10-04,2022-12-14,2022-12-17,1167,3,FALLA,55728,30475
338,LED-01153,2020-07-24,2023-08-13,2023-08-18,1115,5,FALLA,48672,28343
339,LED-01155,2020-07-28,2025-04-19,2025-04-23,1726,4,FALLA,48576,47383
340,LED-01159,2020-12-27,2025-04-24,2025-04-25,1579,1,FALLA,44928,40821
341,LED-01160,2020-07-13,2024-05-23,2024-05-30,1410,7,FALLA,48936,36359
342,LED-01161,2021-06-17,2025-03-16,2025-03-23,1368,7,FALLA,40800,34953
343,LED-01162,2022-03-14,2024-07-28,2024-07-31,867,3,FALLA,34320,23948
344,LED-01165,2019-11-19,2024-10-17,2024-10-24,1794,7,FALLA,54624,46660
345,LED-01169,2019-10-26,2024-09-13,2024-09-18,1784,5,FALLA,55200,47377
346,LED-01172,2022-04-10,2025-11-06,2025-11-09,1306,3,FALLA,33672,36482
347,LED-01174,2021-12-18,2026-01-31,2026-02-04,1505,4,FALLA,36384,39922
348,LED-01175,2020-05-10,2024-11-01,2024-11-06,1636,5,FALLA,50472,45668
349,LED-01176,2020-03-26,2024-08-29,2024-09-04,1617,6,FALLA,51552,41830
350,LED-01177,2021-10-15,2024-12-08,2024-12-12,1150,4,FALLA,37920,30493
351,LED-01179,2020-08-30,2025-02-23,2025-02-25,1638,2,FALLA,47784,44352
352,LED-01180,2021-11-25,2025-07-09,2025-07-10,1322,1,FALLA,36936,35960
353,LED-01181,2020-06-18,2025-10-07,2025-10-14,1937,7,FALLA,49536,51144
354,LED-01182,2022-08-09,2025-11-18,2025-11-19,1197,1,FALLA,30768,32120
355,LED-01183,2021-03-11,2024-04-06,2024-04-08,1122,2,FALLA,43152,28514
356,LED-01185,2019-12-24,2023-02-09,2023-02-12,1143,3,FALLA,53784,28551
357,LED-01186,2020-08-23,2024-04-05,2024-04-08,1321,3,FALLA,47952,34998
358,LED-01187,2021-04-02,2024-02-04,2024-02-10,1038,6,FALLA,42624,26379
359,LED-01189,2020-07-27,2025-01-06,2025-01-13,1624,7,FALLA,48600,41967
360,LED-01191,2019-08-14,2024-09-14,2024-09-20,1858,6,FALLA,56952,52359
361,LED-01192,2020-12-27,2025-12-16,2025-12-20,1815,4,FALLA,44928,48152
362,LED-01193,2020-06-07,2023-10-29,2023-10-30,1239,1,FALLA,49800,33239
363,LED-01197,2019-12-17,2024-05-11,2024-05-17,1607,6,FALLA,53952,40437
364,LED-01198,2021-01-23,2024-12-13,2024-12-19,1420,6,FALLA,44280,38581
365,LED-01201,2021-06-21,2025-11-03,2025-11-06,1596,3,FALLA,40704,41020
366,LED-01202,2020-03-16,2025-06-22,2025-06-26,1924,4,FALLA,51792,48066
367,LED-01204,2020-04-16,2025-08-09,2025-08-11,1941,2,FALLA,51048,51104
368,LED-01205,2020-06-14,2024-10-21,2024-10-25,1590,4,FALLA,49632,40399
369,LED-01211,2020-11-25,2025-06-03,2025-06-09,1651,6,FALLA,45696,43606
370,LED-01212,2019-09-08,2022-10-27,2022-11-02,1145,6,FALLA,56352,30844
371,LED-01216,2020-08-05,2024-12-08,2024-12-10,1586,2,FALLA,48384,41621
372,LED-01218,2020-09-16,2024-10-07,2024-10-08,1482,1,FALLA,47376,37316
373,LED-01219,2020-12-21,2025-03-15,2025-03-16,1545,1,FALLA,45072,43375
374,LED-01221,2021-10-16,2026-01-29,2026-02-05,1566,7,FALLA,37896,42060
375,LED-01222,2021-07-04,2025-11-16,2025-11-19,1596,3,FALLA,40392,39362
376,LED-01231,2019-12-01,2023-08-14,2023-08-18,1352,4,FALLA,54336,37205
377,LED-01232,2021-09-10,2025-02-16,2025-02-17,1255,1,FALLA,38760,33982
378,LED-01233,2020-11-05,2025-11-27,2025-12-02,1848,5,FALLA,46176,45437
379,LED-01237,2020-07-09,2025-11-28,2025-12-04,1968,6,FALLA,49032,49646
380,LED-01238,2020-07-18,2024-08-27,2024-08-30,1501,3,FALLA,48816,40171
381,LED-01241,2019-11-03,2023-09-28,2023-10-03,1425,5,FALLA,55008,38118
382,LED-01243,2020-01-19,2024-08-02,2024-08-06,1657,4,FALLA,53160,40926
383,LED-01244,2019-08-15,2024-04-09,2024-04-14,1699,5,FALLA,56928,45852
384,LED-01247,2020-01-04,2025-04-24,2025-04-28,1937,4,FALLA,53520,50183
385,LED-01248,2020-02-17,2023-07-05,2023-07-12,1234,7,FALLA,52464,34359
386,LED-01249,2019-11-21,2023-03-30,2023-04-02,1225,3,FALLA,54576,34483
387,LED-01251,2021-04-12,2025-09-06,2025-09-12,1608,6,FALLA,42384,39495
388,LED-01253,2020-07-31,2024-06-16,2024-06-22,1416,6,FALLA,48504,38010
389,LED-01255,2019-09-03,2024-09-05,2024-09-09,1829,4,FALLA,56472,51528
390,LED-01259,2020-08-19,2023-08-06,2023-08-12,1082,6,FALLA,48048,27968
391,LED-01262,2021-04-23,2025-06-11,2025-06-18,1510,7,FALLA,42120,38962
392,LED-01266,2019-12-11,2023-12-28,2023-12-29,1478,1,FALLA,54096,40016
393,LED-01270,2019-08-24,2023-08-31,2023-09-03,1468,3,FALLA,56712,40416
394,LED-01271,2020-10-13,2025-07-26,2025-07-31,1747,5,FALLA,46728,48679
395,LED-01272,2019-12-21,2024-06-04,2024-06-10,1627,6,FALLA,53856,41494
396,LED-01273,2020-05-31,2024-11-13,2024-11-18,1627,5,FALLA,49968,42450
397,LED-01276,2019-09-15,2023-02-22,2023-02-23,1256,1,FALLA,56184,34152
398,LED-01277,2020-12-02,2024-10-13,2024-10-20,1411,7,FALLA,45528,39072
399,LED-01279,2022-01-05,2025-12-28,2025-12-31,1453,3,FALLA,35952,37300
400,LED-01282,2021-10-27,2025-12-08,2025-12-10,1503,2,FALLA,37632,37009
401,LED-01284,2019-08-04,2022-09-06,2022-09-11,1129,5,FALLA,57192,31493
402,LED-01286,2020-06-04,2025-10-21,2025-10-22,1965,1,FALLA,49872,48535
403,LED-01287,2021-05-28,2025-05-20,2025-05-22,1453,2,FALLA,41280,39195
404,LED-01288,2020-07-21,2025-06-12,2025-06-15,1787,3,FALLA,48744,46255
405,LED-01290,2019-09-21,2024-05-19,2024-05-23,1702,4,FALLA,56040,44971
406,LED-01291,2020-10-11,2025-03-25,2025-03-31,1626,6,FALLA,46776,41601
407,LED-01295,2020-02-22,2025-03-10,2025-03-12,1843,2,FALLA,52344,47144
408,LED-01296,2021-05-12,2025-05-19,2025-05-22,1468,3,FALLA,41664,36452
409,LED-01299,2021-01-22,2025-01-04,2025-01-06,1443,2,FALLA,44304,36472
410,LED-01302,2019-10-10,2024-09-13,2024-09-14,1800,1,FALLA,55584,45824
411,LED-01304,2020-02-13,2024-08-05,2024-08-08,1635,3,FALLA,52560,44579
412,LED-01308,2020-01-12,2024-02-12,2024-02-15,1492,3,FALLA,53328,40501
413,LED-01323,2022-03-23,2025-10-17,2025-10-21,1304,4,FALLA,34104,36379
414,LED-01335,2021-05-14,2025-10-01,2025-10-07,1601,6,FALLA,41616,44639
415,LED-01339,2019-12-08,2025-03-18,2025-03-21,1927,3,FALLA,54168,48942
416,LED-01341,2020-03-15,2023-08-06,2023-08-07,1239,1,FALLA,51816,32167
417,LED-01344,2021-10-18,2025-11-06,2025-11-09,1480,3,FALLA,37848,41212
418,LED-01345,2019-09-09,2022-11-13,2022-11-16,1161,3,FALLA,56328,29176
419,LED-01346,2020-05-10,2025-09-08,2025-09-13,1947,5,FALLA,50472,52800
420,LED-01348,2021-05-20,2024-06-05,2024-06-11,1112,6,FALLA,41472,28658
421,LED-01349,2020-06-04,2024-11-23,2024-11-24,1633,1,FALLA,49872,42949
422,LED-01350,2020-07-11,2024-11-15,2024-11-20,1588,5,FALLA,48984,44579
423,LED-01353,2022-05-30,2025-02-02,2025-02-04,979,2,FALLA,32472,24429
424,LED-01354,2021-12-14,2025-06-28,2025-07-05,1292,7,FALLA,36480,35164
425,LED-01356,2021-04-17,2025-02-22,2025-02-28,1407,6,FALLA,42264,36816
426,LED-01361,2020-03-26,2023-04-20,2023-04-22,1120,2,FALLA,51552,29476
427,LED-01363,2019-09-16,2025-05-02,2025-05-09,2055,7,FALLA,56160,53334
428,LED-01365,2021-07-27,2025-04-22,2025-04-23,1365,1,FALLA,39840,35886
429,LED-01366,2020-07-29,2024-09-28,2024-10-03,1522,5,FALLA,48552,37292
430,LED-01368,2022-03-12,2025-12-28,2026-01-04,1387,7,FALLA,34368,37369
431,LED-01370,2020-02-25,2024-01-22,2024-01-24,1427,2,FALLA,52272,37032
432,LED-01371,2019-12-20,2024-02-23,2024-02-28,1526,5,FALLA,53880,38531
433,LED-01372,2021-05-06,2024-08-25,2024-08-28,1207,3,FALLA,41808,33929
434,LED-01373,2021-09-22,2025-10-10,2025-10-17,1479,7,FALLA,38472,37312
435,LED-01374,2021-03-04,2022-12-17,2022-12-20,653,3,FALLA,43320,17570
436,LED-01376,2020-09-21,2025-11-13,2025-11-20,1879,7,FALLA,47256,46828
437,LED-01377,2020-06-16,2026-01-13,2026-01-20,2037,7,FALLA,49584,51847
438,LED-01378,2020-05-11,2024-03-19,2024-03-25,1408,6,FALLA,50448,35836
439,LED-01379,2021-06-27,2025-06-23,2025-06-30,1457,7,FALLA,40560,35752
440,LED-01380,2019-10-11,2024-07-30,2024-08-02,1754,3,FALLA,55560,43565
441,LED-01389,2021-02-16,2025-04-14,2025-04-17,1518,3,FALLA,43704,42846
442,LED-01390,2021-01-18,2025-06-22,2025-06-28,1616,6,FALLA,44400,41109
443,LED-01392,2019-08-08,2025-01-23,2025-01-29,1995,6,FALLA,57096,51601
444,LED-01394,2019-10-16,2024-03-26,2024-04-01,1623,6,FALLA,55440,43642
445,LED-01397,2020-06-12,2025-12-07,2025-12-10,2004,3,FALLA,49680,55751
446,LED-01398,2020-12-29,2025-11-08,2025-11-09,1775,1,FALLA,44880,45253
447,LED-01399,2021-04-25,2025-05-25,2025-05-30,1491,5,FALLA,42072,38395
448,LED-01402,2020-02-22,2023-01-15,2023-01-20,1058,5,FALLA,52344,28623
449,LED-01403,2021-01-24,2025-12-28,2025-12-31,1799,3,FALLA,44256,46932
450,LED-01406,2019-08-22,2025-02-12,2025-02-19,2001,7,FALLA,56760,49666
451,LED-01408,2020-07-29,2024-09-04,2024-09-06,1498,2,FALLA,48552,41283
452,LED-01411,2020-11-03,2025-08-15,2025-08-16,1746,1,FALLA,46224,44144
453,LED-01412,2020-01-02,2024-03-16,2024-03-18,1535,2,FALLA,53568,37724
454,LED-01414,2020-04-17,2024-10-12,2024-10-17,1639,5,FALLA,51024,45515
455,LED-01416,2020-02-15,2024-05-20,2024-05-23,1556,3,FALLA,52512,40786
456,LED-01417,2019-10-23,2025-08-27,2025-08-30,2135,3,FALLA,55272,53183
457,LED-01419,2020-04-11,2023-08-01,2023-08-08,1207,7,FALLA,51168,29927
458,LED-01422,2022-07-24,2025-05-28,2025-06-01,1039,4,FALLA,31152,28346
459,LED-01424,2021-03-29,2025-04-24,2025-04-28,1487,4,FALLA,42720,38918
460,LED-01425,2020-05-12,2025-10-05,2025-10-08,1972,3,FALLA,50424,49335
461,LED-01427,2020-07-28,2024-05-04,2024-05-06,1376,2,FALLA,48576,37886
462,LED-01428,2019-12-20,2025-04-21,2025-04-22,1949,1,FALLA,53880,47923
463,LED-01430,2020-11-03,2025-02-08,2025-02-10,1558,2,FALLA,46224,41825
464,LED-01433,2021-07-28,2025-08-29,2025-08-31,1493,2,FALLA,39816,40381
465,LED-01434,2020-11-13,2025-01-16,2025-01-21,1525,5,FALLA,45984,41887
466,LED-01436,2020-10-01,2024-10-11,2024-10-13,1471,2,FALLA,47016,38518
467,LED-01437,2021-04-17,2025-03-19,2025-03-26,1432,7,FALLA,42264,38751
468,LED-01438,2021-04-03,2024-07-08,2024-07-10,1192,2,FALLA,42600,30749
469,LED-01439,2021-02-04,2024-07-08,2024-07-15,1250,7,FALLA,43992,30873
470,LED-01443,2021-12-19,2025-04-12,2025-04-17,1210,5,FALLA,36360,33995
471,LED-01445,2020-10-22,2025-10-28,2025-11-02,1832,5,FALLA,46512,45883
472,LED-01447,2022-01-31,2026-02-07,2026-02-13,1468,6,FALLA,35328,41153
473,LED-01450,2021-02-10,2025-07-22,2025-07-29,1623,7,FALLA,43848,44075
474,LED-01451,2021-03-15,2025-02-26,2025-03-03,1444,5,FALLA,43056,39741
475,LED-01452,2019-12-03,2023-12-12,2023-12-19,1470,7,FALLA,54288,40248
476,LED-01458,2022-04-04,2024-07-11,2024-07-16,829,5,FALLA,33816,22710
477,LED-01459,2020-04-15,2025-01-28,2025-02-03,1749,6,FALLA,51072,47953
478,LED-01460,2019-08-08,2023-01-05,2023-01-10,1246,5,FALLA,57096,34975
479,LED-01464,2020-05-22,2023-06-14,2023-06-20,1118,6,FALLA,50184,29846
480,LED-01467,2019-08-22,2023-07-23,2023-07-30,1431,7,FALLA,56760,38346
481,LED-01468,2020-05-17,2024-10-14,2024-10-21,1611,7,FALLA,50304,42379
482,LED-01470,2019-10-11,2023-05-11,2023-05-12,1308,1,FALLA,55560,35930
483,LED-01472,2021-04-12,2025-01-03,2025-01-07,1362,4,FALLA,42384,38283
484,LED-01476,2019-08-07,2023-09-29,2023-10-03,1514,4,FALLA,57120,38315
485,LED-01478,2019-10-18,2023-08-29,2023-08-30,1411,1,FALLA,55392,37744
486,LED-01481,2021-06-25,2025-07-01,2025-07-02,1467,1,FALLA,40608,40198
487,LED-01486,2020-11-06,2026-01-20,2026-01-27,1901,7,FALLA,46152,46586
488,LED-01490,2019-09-04,2023-12-28,2023-12-30,1576,2,FALLA,56448,42368
489,LED-01492,2021-05-10,2025-01-28,2025-01-29,1359,1,FALLA,41712,37861
490,LED-01493,2021-03-06,2025-02-06,2025-02-10,1433,4,FALLA,43272,35398
491,LED-01494,2020-10-23,2025-10-26,2025-10-29,1829,3,FALLA,46488,49429
492,LED-01498,2019-10-05,2024-06-25,2024-06-28,1725,3,FALLA,55704,45582
493,LED-01504,2019-09-22,2024-06-12,2024-06-18,1725,6,FALLA,56016,43757
494,LED-01505,2019-12-10,2025-09-24,2025-09-27,2115,3,FALLA,54120,55548
495,LED-01509,2019-12-13,2024-05-20,2024-05-22,1620,2,FALLA,54048,40679
496,LED-01511,2019-08-31,2024-02-06,2024-02-13,1620,7,FALLA,56544,44562
497,LED-01512,2021-03-06,2025-12-27,2025-12-31,1757,4,FALLA,43272,44442
498,LED-01513,2019-08-22,2024-09-24,2024-09-29,1860,5,FALLA,56760,52465
499,LED-01519,2021-03-21,2025-01-05,2025-01-10,1386,5,FALLA,42912,36221
500,LED-01526,2019-10-16,2023-03-21,2023-03-28,1252,7,FALLA,55440,30786
501,LED-01527,2020-08-11,2024-01-07,2024-01-10,1244,3,FALLA,48240,33503
502,LED-01528,2020-03-01,2024-09-10,2024-09-12,1654,2,FALLA,52152,46063
503,LED-01529,2021-02-12,2025-05-16,2025-05-22,1554,6,FALLA,43800,38640
504,LED-01532,2020-02-18,2022-09-09,2022-09-12,934,3,FALLA,52440,26268
505,LED-01536,2021-06-07,2024-10-23,2024-10-24,1234,1,FALLA,41040,34189
506,LED-01538,2022-10-20,2025-01-03,2025-01-09,806,6,FALLA,29040,20792
507,LED-01539,2019-12-21,2023-04-26,2023-05-03,1222,7,FALLA,53856,30558
508,LED-01540,2020-06-25,2023-07-24,2023-07-25,1124,1,FALLA,49368,31668
509,LED-01541,2020-03-06,2024-10-29,2024-10-31,1698,2,FALLA,52032,44414
510,LED-01542,2019-09-18,2024-08-15,2024-08-17,1793,2,FALLA,56112,45189
511,LED-01543,2019-11-23,2024-09-03,2024-09-10,1746,7,FALLA,54528,45023
512,LED-01544,2022-06-08,2025-10-18,2025-10-24,1228,6,FALLA,32256,30215
513,LED-01545,2020-09-23,2025-06-15,2025-06-17,1726,2,FALLA,47208,45199
514,LED-01548,2022-03-30,2024-12-01,2024-12-07,977,6,FALLA,33936,23992
515,LED-01550,2020-01-04,2024-02-28,2024-03-01,1516,2,FALLA,53520,38844
516,LED-01551,2020-08-16,2022-11-27,2022-11-30,833,3,FALLA,48120,22237
517,LED-01553,2021-10-23,2024-03-20,2024-03-22,879,2,FALLA,37728,22043
518,LED-01554,2020-05-25,2023-04-22,2023-04-24,1062,2,FALLA,50112,29356
519,LED-01555,2020-07-10,2024-10-14,2024-10-16,1557,2,FALLA,49008,41690
520,LED-01561,2021-05-09,2025-03-12,2025-03-13,1403,1,FALLA,41736,35364
521,LED-01562,2020-01-23,2025-01-23,2025-01-27,1827,4,FALLA,53064,47482
522,LED-01563,2021-04-04,2025-10-04,2025-10-10,1644,6,FALLA,42576,43203
523,LED-01564,2021-05-01,2024-06-09,2024-06-16,1135,7,FALLA,41928,31721
524,LED-01570,2021-05-24,2025-09-16,2025-09-23,1576,7,FALLA,41376,44159
525,LED-01571,2019-12-11,2022-04-07,2022-04-08,848,1,FALLA,54096,23384
526,LED-01573,2021-02-18,2025-08-29,2025-08-30,1653,1,FALLA,43656,41441
527,LED-01577,2020-03-04,2024-12-19,2024-12-20,1751,1,FALLA,52080,44713
528,LED-01578,2019-11-07,2023-07-09,2023-07-16,1340,7,FALLA,54912,35696
529,LED-01582,2021-08-22,2025-09-27,2025-10-01,1497,4,FALLA,39216,39643
530,LED-01588,2021-03-06,2024-09-22,2024-09-29,1296,7,FALLA,43272,33316
531,LED-01590,2020-05-09,2025-07-30,2025-08-03,1908,4,FALLA,50496,53305
532,LED-01591,2020-10-20,2025-03-01,2025-03-02,1593,1,FALLA,46560,44371
533,LED-01593,2020-05-29,2024-11-05,2024-11-07,1621,2,FALLA,50016,42079
534,LED-01596,2019-10-22,2024-06-08,2024-06-09,1691,1,FALLA,55296,41944
535,LED-01603,2019-11-29,2024-12-27,2024-12-28,1855,1,FALLA,54384,51029
536,LED-01610,2021-05-03,2025-08-25,2025-09-01,1575,7,FALLA,41880,44152
537,LED-01612,2021-11-04,2025-07-24,2025-07-30,1358,6,FALLA,37440,33831
538,LED-01613,2020-06-26,2025-06-23,2025-06-28,1823,5,FALLA,49344,48250
539,LED-01615,2020-06-04,2025-11-03,2025-11-08,1978,5,FALLA,49872,50274
540,LED-01618,2020-10-26,2025-11-10,2025-11-11,1841,1,FALLA,46416,49830
541,LED-01620,2020-07-09,2025-08-04,2025-08-08,1852,4,FALLA,49032,47677
542,LED-01621,2022-03-18,2025-07-12,2025-07-13,1212,1,FALLA,34224,31864
543,LED-01623,2020-07-19,2025-04-08,2025-04-11,1724,3,FALLA,48792,44859
544,LED-01624,2019-09-12,2024-03-25,2024-03-26,1656,1,FALLA,56256,44453
545,LED-01625,2021-09-15,2025-08-09,2025-08-10,1424,1,FALLA,38640,36912
546,LED-01626,2019-11-25,2025-03-06,2025-03-09,1928,3,FALLA,54480,51059
547,LED-01628,2020-08-12,2024-11-09,2024-11-15,1550,6,FALLA,48216,43215
548,LED-01634,2020-09-02,2025-01-06,2025-01-07,1587,1,FALLA,47712,44644
549,LED-01635,2021-07-01,2026-01-01,2026-01-08,1645,7,FALLA,40464,43130
550,LED-01637,2020-10-01,2025-06-13,2025-06-14,1716,1,FALLA,47016,42657
551,LED-01639,2020-05-27,2025-05-01,2025-05-08,1800,7,FALLA,50064,44379
552,LED-01643,2021-05-20,2025-06-15,2025-06-16,1487,1,FALLA,41472,37970
553,LED-01645,2022-01-23,2025-11-10,2025-11-15,1387,5,FALLA,35520,38411
554,LED-01647,2020-04-22,2025-11-06,2025-11-08,2024,2,FALLA,50904,51973
555,LED-01654,2019-09-27,2024-11-08,2024-11-13,1869,5,FALLA,55896,46549
556,LED-01655,2019-08-20,2024-12-29,2024-12-31,1958,2,FALLA,56808,51482
557,LED-01658,2019-08-07,2025-05-28,2025-05-30,2121,2,FALLA,57120,52806
558,LED-01661,2022-02-16,2025-11-19,2025-11-25,1372,6,FALLA,34944,38458
559,LED-01664,2020-06-20,2024-11-06,2024-11-09,1600,3,FALLA,49488,39680
560,LED-01670,2021-05-04,2025-09-23,2025-09-24,1603,1,FALLA,41856,40580
561,LED-01671,2020-01-20,2024-08-21,2024-08-22,1675,1,FALLA,53136,45447
562,LED-01676,2019-12-19,2023-09-19,2023-09-21,1370,2,FALLA,53904,34637
563,LED-01679,2020-12-31,2025-09-20,2025-09-27,1724,7,FALLA,44832,46071
564,LED-01692,2019-12-25,2025-11-20,2025-11-26,2157,6,FALLA,53760,53547
565,LED-01693,2020-08-21,2025-09-11,2025-09-14,1847,3,FALLA,48000,47362
566,LED-01697,2020-11-13,2026-01-25,2026-01-30,1899,5,FALLA,45984,47292
567,LED-01699,2021-05-29,2025-08-15,2025-08-18,1539,3,FALLA,41256,40070
568,LED-01704,2020-04-23,2025-06-10,2025-06-13,1874,3,FALLA,50880,50883
569,LED-01707,2020-08-05,2025-11-06,2025-11-08,1919,2,FALLA,48384,50837
570,LED-01712,2020-04-06,2023-02-22,2023-03-01,1052,7,FALLA,51288,28975
571,LED-01713,2019-09-04,2023-08-18,2023-08-23,1444,5,FALLA,56448,38539
572,LED-01714,2020-04-08,2025-05-10,2025-05-17,1858,7,FALLA,51240,51095
573,LED-01715,2019-08-29,2024-06-02,2024-06-08,1739,6,FALLA,56592,48293
574,LED-01716,2020-05-27,2023-09-13,2023-09-18,1204,5,FALLA,50064,30465
575,LED-01717,2020-06-05,2025-01-07,2025-01-09,1677,2,FALLA,49848,41438
576,LED-01718,2020-10-28,2024-08-23,2024-08-28,1395,5,FALLA,46368,35373
577,LED-01721,2020-03-18,2025-11-08,2025-11-13,2061,5,FALLA,51744,52114
578,LED-01723,2021-09-22,2025-11-28,2025-11-29,1528,1,FALLA,38472,42381
579,LED-01724,2022-06-16,2025-05-01,2025-05-02,1050,1,FALLA,32064,25975
580,LED-01725,2021-09-04,2025-01-13,2025-01-20,1227,7,FALLA,38904,30736
581,LED-01729,2020-08-20,2024-05-30,2024-06-04,1379,5,FALLA,48024,35567
582,LED-01731,2019-11-15,2024-03-03,2024-03-10,1570,7,FALLA,54720,40215
583,LED-01735,2021-02-19,2023-12-09,2023-12-10,1023,1,FALLA,43632,26900
584,LED-01736,2020-11-08,2024-01-08,2024-01-13,1156,5,FALLA,46104,30132
585,LED-01738,2020-06-08,2024-09-10,2024-09-12,1555,2,FALLA,49776,43630
586,LED-01739,2020-02-23,2024-11-04,2024-11-10,1716,6,FALLA,52320,43725
587,LED-01742,2019-09-22,2025-03-07,2025-03-09,1993,2,FALLA,56016,49431
588,LED-01744,2019-08-26,2025-02-28,2025-03-03,2013,3,FALLA,56664,51173
589,LED-01745,2021-05-23,2026-01-10,2026-01-12,1693,2,FALLA,41400,42334
590,LED-01746,2020-05-27,2024-07-25,2024-08-01,1520,7,FALLA,50064,41274
591,LED-01747,2020-03-17,2024-06-21,2024-06-26,1557,5,FALLA,51768,42123
592,LED-01748,2020-02-27,2025-12-31,2026-01-01,2134,1,FALLA,52224,53613
593,LED-01749,2020-05-31,2025-07-31,2025-08-06,1887,6,FALLA,49968,52941
594,LED-01754,2019-10-30,2023-09-19,2023-09-20,1420,1,FALLA,55104,39884
595,LED-01755,2021-09-14,2025-09-09,2025-09-11,1456,2,FALLA,38664,40677
596,LED-01757,2019-09-13,2024-01-20,2024-01-25,1590,5,FALLA,56232,41829
597,LED-01762,2020-10-27,2024-12-23,2024-12-30,1518,7,FALLA,46392,38800
598,LED-01763,2021-08-13,2025-09-03,2025-09-09,1482,6,FALLA,39432,39960
599,LED-01765,2020-05-06,2024-05-30,2024-06-03,1485,4,FALLA,50568,38121
600,LED-01766,2019-09-25,2024-05-22,2024-05-25,1701,3,FALLA,55944,45701
601,LED-01767,2021-01-20,2025-05-25,2025-05-31,1586,6,FALLA,44352,40824
602,LED-01773,2020-07-08,2024-05-17,2024-05-22,1409,5,FALLA,49056,38018
603,LED-01775,2020-02-23,2025-01-24,2025-01-26,1797,2,FALLA,52320,47104
604,LED-01776,2019-08-21,2023-12-16,2023-12-20,1578,4,FALLA,56784,43831
605,LED-01777,2019-12-03,2023-07-30,2023-08-05,1335,6,FALLA,54288,37583
606,LED-01781,2020-06-24,2025-06-27,2025-06-28,1829,1,FALLA,49392,50634
607,LED-01785,2020-05-19,2024-08-14,2024-08-16,1548,2,FALLA,50256,43447
608,LED-01786,2020-10-31,2024-09-28,2024-10-05,1428,7,FALLA,46296,39725
609,LED-01789,2019-11-16,2024-08-12,2024-08-15,1731,3,FALLA,54696,46348
610,LED-01795,2021-05-10,2025-01-26,2025-01-30,1357,4,FALLA,41712,33699
611,LED-01796,2019-11-18,2024-09-25,2024-09-29,1773,4,FALLA,54648,47073
612,LED-01797,2019-12-27,2023-02-26,2023-02-28,1157,2,FALLA,53712,29915
613,LED-01800,2021-02-01,2025-10-31,2025-11-05,1733,5,FALLA,44064,47208
614,LED-01801,2021-02-13,2025-08-08,2025-08-10,1637,2,FALLA,43776,43461
615,LED-01804,2019-09-06,2023-10-27,2023-10-31,1512,4,FALLA,56400,38687
616,LED-01806,2020-07-20,2024-10-22,2024-10-23,1555,1,FALLA,48768,41877
617,LED-01807,2020-04-12,2025-01-20,2025-01-27,1744,7,FALLA,51144,47260
618,LED-01809,2020-08-27,2024-12-23,2024-12-26,1579,3,FALLA,47856,40541
619,LED-01815,2020-09-08,2025-10-26,2025-10-27,1874,1,FALLA,47568,48321
620,LED-01816,2019-10-15,2023-11-03,2023-11-07,1480,4,FALLA,55464,39408
621,LED-01818,2021-01-25,2025-04-10,2025-04-11,1536,1,FALLA,44232,39933
622,LED-01822,2019-10-03,2024-07-04,2024-07-09,1736,5,FALLA,55752,46951
623,LED-01823,2020-01-26,2023-12-24,2023-12-26,1428,2,FALLA,52992,35700
624,LED-01824,2020-04-01,2025-09-12,2025-09-16,1990,4,FALLA,51408,51049
625,LED-01826,2020-06-19,2025-07-18,2025-07-25,1855,7,FALLA,49512,50320
626,LED-01828,2020-09-02,2025-04-26,2025-04-29,1697,3,FALLA,47712,41995
627,LED-01830,2020-02-03,2023-11-03,2023-11-09,1369,6,FALLA,52800,38061
628,LED-01831,2021-03-26,2025-01-27,2025-01-30,1403,3,FALLA,42792,39464
629,LED-01833,2020-04-15,2024-12-30,2025-01-04,1720,5,FALLA,51072,44312
630,LED-01837,2021-08-28,2024-09-21,2024-09-27,1120,6,FALLA,39072,28557
631,LED-01840,2020-12-07,2025-04-17,2025-04-18,1592,1,FALLA,45408,44884
632,LED-01842,2020-02-13,2023-12-05,2023-12-06,1391,1,FALLA,52560,38683
633,LED-01843,2019-09-12,2024-04-12,2024-04-15,1674,3,FALLA,56256,44981
634,LED-01845,2021-09-23,2025-10-02,2025-10-06,1470,4,FALLA,38448,41200
635,LED-01851,2019-09-30,2023-08-25,2023-08-26,1425,1,FALLA,55824,36508
636,LED-01852,2022-04-23,2026-01-15,2026-01-19,1363,4,FALLA,33360,36845
637,LED-01853,2021-02-06,2024-12-15,2024-12-18,1408,3,FALLA,43944,38270
638,LED-01854,2021-10-14,2025-04-23,2025-04-27,1287,4,FALLA,37944,31774
639,LED-01858,2021-04-21,2025-05-10,2025-05-15,1480,5,FALLA,42168,37286
640,LED-01862,2019-08-10,2023-08-28,2023-09-03,1479,6,FALLA,57048,37959
641,LED-01864,2020-08-24,2024-08-19,2024-08-22,1456,3,FALLA,47928,40817
642,LED-01869,2019-08-20,2024-09-25,2024-10-01,1863,6,FALLA,56808,49876
643,LED-01875,2020-12-04,2025-05-28,2025-06-04,1636,7,FALLA,45480,40976
644,LED-01878,2019-09-22,2025-05-30,2025-06-03,2077,4,FALLA,56016,56181
645,LED-01882,2019-12-16,2024-10-09,2024-10-11,1759,2,FALLA,53976,44644
646,LED-01890,2019-08-11,2025-10-06,2025-10-11,2248,5,FALLA,57024,57187
647,LED-01897,2019-11-15,2022-07-06,2022-07-10,964,4,FALLA,54720,23882
648,LED-01898,2021-06-27,2025-08-22,2025-08-25,1517,3,FALLA,40560,38346
649,LED-01899,2020-04-03,2023-03-23,2023-03-30,1084,7,FALLA,51360,30484
650,LED-01901,2020-11-19,2025-01-27,2025-01-31,1530,4,FALLA,45840,38156
651,LED-01904,2019-08-07,2024-06-12,2024-06-14,1771,2,FALLA,57120,45981
652,LED-01905,2019-12-07,2023-09-28,2023-10-05,1391,7,FALLA,54192,35386
653,LED-01907,2022-03-28,2025-08-10,2025-08-11,1231,1,FALLA,33984,30497
654,LED-01908,2020-03-22,2023-08-17,2023-08-24,1243,7,FALLA,51648,33911
655,LED-01909,2021-10-17,2025-09-08,2025-09-15,1422,7,FALLA,37872,36508
656,LED-01911,2021-12-05,2025-05-28,2025-06-01,1270,4,FALLA,36696,34331
657,LED-01912,2021-03-28,2025-08-24,2025-08-30,1610,6,FALLA,42744,42863
658,LED-01914,2020-05-18,2025-02-09,2025-02-12,1728,3,FALLA,50280,44619
659,LED-01915,2021-08-30,2025-06-04,2025-06-06,1374,2,FALLA,39024,34951
660,LED-01916,2022-05-04,2025-08-11,2025-08-12,1195,1,FALLA,33096,32154
661,LED-01917,2020-01-03,2023-04-22,2023-04-28,1205,6,FALLA,53544,30568
662,LED-01918,2019-10-27,2023-09-22,2023-09-26,1426,4,FALLA,55176,35377
663,LED-01920,2019-11-25,2024-07-18,2024-07-24,1697,6,FALLA,54480,43971
664,LED-01924,2020-06-14,2024-01-10,2024-01-11,1305,1,FALLA,49632,34645
665,LED-01926,2021-09-14,2025-04-18,2025-04-22,1312,4,FALLA,38664,34821
666,LED-01930,2020-04-20,2024-04-07,2024-04-11,1448,4,FALLA,50952,37682
667,LED-01932,2020-01-11,2024-09-09,2024-09-14,1703,5,FALLA,53352,47684
668,LED-01933,2020-02-08,2024-10-13,2024-10-19,1709,6,FALLA,52680,44507
669,LED-01935,2019-10-08,2023-09-10,2023-09-16,1433,6,FALLA,55632,38696
670,LED-01939,2020-05-23,2025-05-13,2025-05-14,1816,1,FALLA,50160,48789
671,LED-01942,2020-11-07,2025-09-03,2025-09-04,1761,1,FALLA,46128,45902
672,LED-01950,2021-04-28,2025-08-04,2025-08-06,1559,2,FALLA,42000,40140
673,LED-01951,2020-11-28,2024-08-16,2024-08-20,1357,4,FALLA,45624,35326
674,LED-01954,2021-10-12,2024-11-12,2024-11-16,1127,4,FALLA,37992,29897
675,LED-01955,2020-08-10,2024-05-18,2024-05-24,1377,6,FALLA,48264,36510
676,LED-01956,2019-10-17,2025-03-28,2025-04-02,1989,5,FALLA,55416,49952
677,LED-01960,2020-04-14,2025-06-20,2025-06-21,1893,1,FALLA,51096,53106
678,LED-01962,2021-11-30,2025-08-02,2025-08-08,1341,6,FALLA,36816,35610
679,LED-01963,2021-01-11,2024-11-09,2024-11-11,1398,2,FALLA,44568,39236
680,LED-01964,2020-03-29,2024-11-09,2024-11-10,1686,1,FALLA,51480,44753
681,LED-01965,2021-02-25,2024-07-11,2024-07-14,1232,3,FALLA,43488,32654
682,LED-01969,2021-04-28,2025-12-27,2025-12-29,1704,2,FALLA,42000,44071
683,LED-01974,2019-08-07,2024-08-05,2024-08-08,1825,3,FALLA,57120,44713
684,LED-01976,2019-12-30,2024-12-17,2024-12-19,1814,2,FALLA,53640,44606
685,LED-01977,2020-08-02,2025-04-02,2025-04-07,1704,5,FALLA,48456,45819
686,LED-01978,2020-04-03,2024-03-08,2024-03-15,1435,7,FALLA,51360,40129
687,LED-01979,2019-11-16,2024-03-13,2024-03-17,1579,4,FALLA,54696,40455
688,LED-01982,2021-06-15,2025-05-17,2025-05-18,1432,1,FALLA,40848,38872
689,LED-01985,2019-09-28,2025-08-21,2025-08-23,2154,2,FALLA,55872,57441
690,LED-01988,2022-01-27,2025-10-22,2025-10-29,1364,7,FALLA,35424,38105
691,LED-01989,2019-08-28,2023-11-10,2023-11-14,1535,4,FALLA,56616,43330
692,LED-01991,2020-02-14,2025-02-28,2025-03-06,1841,6,FALLA,52536,45547
693,LED-01993,2020-10-17,2025-01-28,2025-02-01,1564,4,FALLA,46632,41566
694,LED-01995,2020-08-26,2025-04-15,2025-04-18,1693,3,FALLA,47880,46592
695,LED-01996,2021-07-30,2025-11-21,2025-11-28,1575,7,FALLA,39768,42569
696,LED-02000,2020-11-21,2025-07-23,2025-07-29,1705,6,FALLA,45792,45242
697,LED-02003,2020-05-14,2023-12-15,2023-12-22,1310,7,FALLA,50376,35111
698,LED-02005,2020-09-19,2023-11-05,2023-11-10,1142,5,FALLA,47304,29399
699,LED-02007,2019-12-22,2023-04-16,2023-04-21,1211,5,FALLA,53832,31795
700,LED-02012,2019-10-16,2023-05-16,2023-05-19,1308,3,FALLA,55440,36754
701,LED-02017,2021-02-17,2024-12-28,2025-01-04,1410,7,FALLA,43680,36336
702,LED-02023,2021-06-04,2026-01-01,2026-01-08,1672,7,FALLA,41112,41305
703,LED-02025,2019-12-13,2024-09-21,2024-09-28,1744,7,FALLA,54048,43367
704,LED-02027,2019-09-07,2025-05-20,2025-05-26,2082,6,FALLA,56376,51064
705,LED-02029,2020-04-10,2024-12-11,2024-12-15,1706,4,FALLA,51192,44157
706,LED-02030,2020-05-24,2025-04-16,2025-04-19,1788,3,FALLA,50136,45704
707,LED-02032,2021-07-29,2026-01-30,2026-02-03,1646,4,FALLA,39792,44687
708,LED-02033,2019-10-01,2024-09-23,2024-09-29,1819,6,FALLA,55800,50121
709,LED-02035,2020-11-06,2024-08-31,2024-09-05,1394,5,FALLA,46152,37822
710,LED-02039,2019-10-14,2024-11-06,2024-11-10,1850,4,FALLA,55488,50556
711,LED-02040,2020-05-09,2025-01-22,2025-01-26,1719,4,FALLA,50496,46090
712,LED-02042,2019-10-31,2024-06-04,2024-06-09,1678,5,FALLA,55080,43678
713,LED-02043,2020-09-03,2025-01-27,2025-01-30,1607,3,FALLA,47688,45185
714,LED-02044,2019-08-29,2024-06-07,2024-06-09,1744,2,FALLA,56592,45885
715,LED-02045,2021-02-27,2025-05-26,2025-06-02,1549,7,FALLA,43440,43606
716,LED-02047,2019-11-12,2023-01-23,2023-01-27,1168,4,FALLA,54792,32733
717,LED-02048,2021-06-05,2025-02-15,2025-02-16,1351,1,FALLA,41088,38064
718,LED-02049,2020-06-15,2025-01-12,2025-01-13,1672,1,FALLA,49608,44967
719,LED-02050,2020-02-24,2023-04-10,2023-04-13,1141,3,FALLA,52296,32145
720,LED-02052,2020-10-01,2025-11-06,2025-11-10,1862,4,FALLA,47016,51445
721,LED-02064,2019-12-03,2024-09-04,2024-09-08,1737,4,FALLA,54288,48234
722,LED-02068,2020-02-12,2025-06-08,2025-06-10,1943,2,FALLA,52584,52161
723,LED-02070,2019-12-01,2025-11-27,2025-12-03,2188,6,FALLA,54336,56164
724,LED-02077,2019-11-22,2025-08-01,2025-08-03,2079,2,FALLA,54552,52743
725,LED-02081,2021-06-28,2025-05-27,2025-05-28,1429,1,FALLA,40536,39326
726,LED-02083,2020-10-28,2024-07-29,2024-07-30,1370,1,FALLA,46368,35986
727,LED-02084,2021-04-16,2025-12-29,2026-01-04,1718,6,FALLA,42288,43911
728,LED-02085,2020-02-28,2025-06-15,2025-06-16,1934,1,FALLA,52200,52398
729,LED-02087,2021-05-20,2025-02-20,2025-02-27,1372,7,FALLA,41472,34209
730,LED-02092,2021-01-22,2025-06-16,2025-06-17,1606,1,FALLA,44304,39779
731,LED-02093,2020-04-13,2025-10-05,2025-10-09,2001,4,FALLA,51120,49460
732,LED-02098,2020-11-16,2024-03-04,2024-03-10,1204,6,FALLA,45912,33275
733,LED-02099,2022-08-05,2025-04-24,2025-04-25,993,1,FALLA,30864,24387
734,LED-02103,2021-10-12,2025-09-01,2025-09-03,1420,2,FALLA,37992,38496
735,LED-02104,2021-06-06,2025-05-19,2025-05-23,1443,4,FALLA,41064,35510
736,LED-02105,2020-03-03,2024-12-06,2024-12-11,1739,5,FALLA,52104,43831
737,LED-02106,2022-03-12,2024-07-29,2024-08-04,870,6,FALLA,34368,24161
738,LED-02107,2021-08-30,2025-06-04,2025-06-07,1374,3,FALLA,39024,38123
739,LED-02108,2021-01-17,2024-12-16,2024-12-18,1429,2,FALLA,44424,35659
740,LED-02110,2019-08-30,2023-09-18,2023-09-21,1480,3,FALLA,56568,38304
741,LED-02111,2020-09-17,2024-04-14,2024-04-19,1305,5,FALLA,47352,35732
742,LED-02112,2019-08-27,2023-11-25,2023-11-30,1551,5,FALLA,56640,42027
743,LED-02114,2020-06-25,2023-10-20,2023-10-21,1212,1,FALLA,49368,31478
744,LED-02115,2022-06-17,2025-08-13,2025-08-20,1153,7,FALLA,32040,29722
745,LED-02117,2019-10-25,2025-08-04,2025-08-05,2110,1,FALLA,55224,52749
746,LED-02118,2019-08-09,2024-05-31,2024-06-06,1757,6,FALLA,57072,43240
747,LED-02120,2019-09-11,2023-12-05,2023-12-12,1546,7,FALLA,56280,40033
748,LED-02121,2019-08-09,2024-07-02,2024-07-07,1789,5,FALLA,57072,49116
749,LED-02124,2019-11-05,2025-01-20,2025-01-27,1903,7,FALLA,54960,51355
750,LED-02125,2019-10-22,2024-08-31,2024-09-04,1775,4,FALLA,55296,45895
751,LED-02126,2020-08-04,2024-07-13,2024-07-20,1439,7,FALLA,48408,40245
752,LED-02128,2020-08-27,2024-01-21,2024-01-25,1242,4,FALLA,47856,34918
753,LED-02129,2021-06-13,2025-10-09,2025-10-11,1579,2,FALLA,40896,40364
754,LED-02130,2019-10-30,2025-06-03,2025-06-06,2043,3,FALLA,55104,53514
755,LED-02133,2019-10-03,2023-06-28,2023-07-04,1364,6,FALLA,55752,36790
756,LED-02136,2020-07-20,2025-10-09,2025-10-13,1907,4,FALLA,48768,50522
757,LED-02137,2021-01-18,2025-04-03,2025-04-07,1536,4,FALLA,44400,38578
758,LED-02140,2020-06-09,2025-05-30,2025-06-04,1816,5,FALLA,49752,44723
759,LED-02141,2020-09-20,2025-07-28,2025-07-31,1772,3,FALLA,47280,43486
760,LED-02142,2019-09-07,2023-05-02,2023-05-07,1333,5,FALLA,56376,37589
761,LED-02143,2019-11-11,2024-08-11,2024-08-14,1735,3,FALLA,54816,42637
762,LED-02145,2019-09-29,2024-02-01,2024-02-08,1586,7,FALLA,55848,42071
763,LED-02146,2020-06-28,2025-08-26,2025-09-02,1885,7,FALLA,49296,47329
764,LED-02149,2020-01-13,2023-09-26,2023-10-01,1352,5,FALLA,53304,37132
765,LED-02150,2019-12-15,2024-03-29,2024-04-03,1566,5,FALLA,54000,40004
766,LED-02151,2020-04-14,2024-08-18,2024-08-19,1587,1,FALLA,51096,43379
767,LED-02152,2020-03-15,2025-07-01,2025-07-08,1934,7,FALLA,51816,50728
768,LED-02162,2019-08-10,2024-12-17,2024-12-18,1956,1,FALLA,57048,49843
769,LED-02165,2020-01-30,2024-02-17,2024-02-21,1479,4,FALLA,52896,37062
770,LED-02166,2019-11-16,2024-11-27,2024-11-28,1838,1,FALLA,54696,51659
771,LED-02167,2020-05-17,2024-08-16,2024-08-20,1552,4,FALLA,50304,43635
772,LED-02171,2020-10-02,2024-11-14,2024-11-18,1504,4,FALLA,46992,42348
773,LED-02172,2020-07-16,2025-09-24,2025-09-27,1896,3,FALLA,48864,48674
774,LED-02175,2021-09-23,2025-07-16,2025-07-23,1392,7,FALLA,38448,35306
775,LED-02178,2020-06-09,2025-09-12,2025-09-16,1921,4,FALLA,49752,47226
776,LED-02179,2019-12-12,2023-12-13,2023-12-17,1462,4,FALLA,54072,38895
777,LED-02180,2019-11-02,2024-11-04,2024-11-08,1829,4,FALLA,55032,46370
778,LED-02182,2020-02-23,2023-06-23,2023-06-24,1216,1,FALLA,52320,34166
779,LED-02184,2019-10-05,2023-11-26,2023-11-27,1513,1,FALLA,55704,39857
780,LED-02185,2021-06-12,2025-07-10,2025-07-12,1489,2,FALLA,40920,39865
781,LED-02187,2020-07-22,2025-08-28,2025-09-02,1863,5,FALLA,48720,48197
782,LED-02189,2021-06-26,2025-02-10,2025-02-16,1325,6,FALLA,40584,36012
783,LED-02190,2020-09-25,2025-06-03,2025-06-10,1712,7,FALLA,47160,43550
784,LED-02192,2019-12-07,2025-02-14,2025-02-21,1896,7,FALLA,54192,47378
785,LED-02193,2020-09-14,2024-07-18,2024-07-21,1403,3,FALLA,47424,39370
786,LED-02196,2020-01-27,2025-07-26,2025-08-01,2007,6,FALLA,52968,54559
787,LED-02197,2019-10-30,2025-03-14,2025-03-16,1962,2,FALLA,55104,49980
788,LED-02199,2021-03-17,2025-07-08,2025-07-12,1574,4,FALLA,43008,42073
789,LED-02201,2019-08-24,2023-11-12,2023-11-16,1541,4,FALLA,56712,42319
790,LED-02202,2021-02-22,2025-11-30,2025-12-02,1742,2,FALLA,43560,44035
791,LED-02208,2020-05-12,2023-07-06,2023-07-09,1150,3,FALLA,50424,30578
792,LED-02209,2022-02-19,2026-02-07,2026-02-13,1449,6,FALLA,34872,38880
793,LED-02211,2021-02-27,2025-09-30,2025-10-04,1676,4,FALLA,43440,41084
794,LED-02212,2021-05-27,2025-11-15,2025-11-19,1633,4,FALLA,41304,42587
795,LED-02213,2020-08-02,2024-11-24,2024-12-01,1575,7,FALLA,48456,41131
796,LED-02214,2020-02-13,2024-11-14,2024-11-15,1736,1,FALLA,52560,44832
797,LED-02217,2020-10-07,2025-10-13,2025-10-18,1832,5,FALLA,46872,46054
798,LED-02218,2019-09-28,2024-11-07,2024-11-13,1867,6,FALLA,55872,51886
799,LED-02224,2020-07-11,2025-03-30,2025-04-03,1723,4,FALLA,48984,44953
800,LED-02225,2020-01-12,2026-01-04,2026-01-10,2184,6,FALLA,53328,54686
801,LED-02227,2019-12-15,2024-04-02,2024-04-07,1570,5,FALLA,54000,40199
802,LED-02229,2020-06-22,2023-09-13,2023-09-19,1178,6,FALLA,49440,31914
803,LED-02231,2020-03-29,2025-01-05,2025-01-10,1743,5,FALLA,51480,46268
804,LED-02232,2020-07-07,2025-09-20,2025-09-25,1901,5,FALLA,49080,51861
805,LED-02233,2021-11-16,2025-04-27,2025-05-01,1258,4,FALLA,37152,31893
806,LED-02235,2019-12-19,2024-01-30,2024-02-03,1503,4,FALLA,53904,42174
807,LED-02240,2020-05-28,2025-10-06,2025-10-11,1957,5,FALLA,50040,54705
808,LED-02241,2020-07-04,2024-09-04,2024-09-11,1523,7,FALLA,49152,41720
809,LED-02242,2020-07-03,2025-09-26,2025-09-28,1911,2,FALLA,49176,53406
810,LED-02243,2019-10-27,2024-05-26,2024-05-31,1673,5,FALLA,55176,44771
811,LED-02245,2020-04-30,2025-09-28,2025-09-29,1977,1,FALLA,50712,54757
812,LED-02247,2019-10-28,2025-05-04,2025-05-08,2015,4,FALLA,55152,54062
813,LED-02258,2019-12-29,2025-05-29,2025-06-01,1978,3,FALLA,53664,54173
814,LED-02261,2020-12-28,2025-12-07,2025-12-11,1805,4,FALLA,44904,48271
815,LED-02268,2020-01-27,2024-02-22,2024-02-27,1487,5,FALLA,52968,40602
816,LED-02270,2020-09-28,2024-05-07,2024-05-11,1317,4,FALLA,47088,35850
817,LED-02271,2020-04-28,2023-01-19,2023-01-24,996,5,FALLA,50760,26310
818,LED-02272,2020-04-11,2025-03-26,2025-04-01,1810,6,FALLA,51168,46369
819,LED-02274,2020-07-15,2023-09-14,2023-09-17,1156,3,FALLA,48888,29325
820,LED-02275,2020-07-23,2024-11-25,2024-12-02,1586,7,FALLA,48696,41047
821,LED-02278,2020-04-12,2024-05-06,2024-05-09,1485,3,FALLA,51144,40270
822,LED-02280,2020-10-10,2024-12-03,2024-12-06,1515,3,FALLA,46800,37334
823,LED-02281,2021-05-12,2025-10-20,2025-10-21,1622,1,FALLA,41664,42921
824,LED-02283,2020-02-22,2023-07-28,2023-07-29,1252,1,FALLA,52344,33788
825,LED-02284,2020-09-14,2024-10-13,2024-10-18,1490,5,FALLA,47424,41571
826,LED-02286,2020-05-31,2024-11-11,2024-11-12,1625,1,FALLA,49968,43973
827,LED-02288,2020-11-15,2024-01-01,2024-01-03,1142,2,FALLA,45936,28896
828,LED-02290,2020-11-07,2025-05-28,2025-06-04,1663,7,FALLA,46128,41487
829,LED-02293,2020-09-06,2024-09-16,2024-09-19,1471,3,FALLA,47616,38745
830,LED-02294,2021-07-24,2025-05-16,2025-05-19,1392,3,FALLA,39912,35044
831,LED-02297,2021-10-08,2024-04-01,2024-04-08,906,7,FALLA,38088,24705
832,LED-02298,2020-08-30,2025-08-10,2025-08-16,1806,6,FALLA,47784,48232
833,LED-02349,2019-11-21,2025-09-12,2025-09-17,2122,5,FALLA,54576,59632
834,LED-02352,2019-10-13,2025-04-09,2025-04-10,2005,1,FALLA,55512,51278
835,LED-02367,2019-09-24,2024-07-10,2024-07-17,1751,7,FALLA,55968,49252
836,LED-02375,2020-06-17,2025-12-24,2025-12-30,2016,6,FALLA,49560,56014
837,LED-02379,2019-08-19,2025-05-22,2025-05-25,2103,3,FALLA,56832,55688
838,LED-02381,2019-11-21,2023-08-24,2023-08-28,1372,4,FALLA,54576,38000
839,LED-02383,2019-08-31,2024-02-28,2024-02-29,1642,1,FALLA,56544,41790
840,LED-02385,2021-05-04,2026-02-02,2026-02-06,1735,4,FALLA,41856,46858
841,LED-02386,2020-07-01,2025-07-10,2025-07-13,1835,3,FALLA,49224,48468
842,LED-02387,2019-10-01,2024-08-08,2024-08-11,1773,3,FALLA,55800,46020
843,LED-02389,2020-01-08,2024-05-28,2024-06-01,1602,4,FALLA,53424,39745
844,LED-02391,2020-12-10,2024-07-29,2024-08-01,1327,3,FALLA,45336,33399
845,LED-02392,2021-02-22,2025-06-09,2025-06-10,1568,1,FALLA,43560,40271
846,LED-02396,2021-05-04,2025-08-24,2025-08-30,1573,6,FALLA,41856,42697
847,LED-02397,2020-08-30,2025-04-10,2025-04-12,1684,2,FALLA,47784,42444
848,LED-02398,2020-03-27,2024-09-13,2024-09-15,1631,2,FALLA,51528,40921
849,LED-02400,2021-02-14,2024-10-01,2024-10-03,1325,2,FALLA,43752,35630
850,LED-02401,2019-11-26,2024-11-03,2024-11-09,1804,6,FALLA,54456,44917
851,LED-02402,2020-09-05,2024-06-01,2024-06-04,1365,3,FALLA,47640,35584
852,LED-02404,2020-09-21,2024-08-11,2024-08-16,1420,5,FALLA,47256,36976
853,LED-02406,2019-10-22,2024-11-26,2024-11-27,1862,1,FALLA,55296,48785
854,LED-02411,2021-04-24,2025-07-17,2025-07-23,1545,6,FALLA,42096,41245
855,LED-02412,2020-09-06,2024-09-25,2024-09-26,1480,1,FALLA,47616,38598
856,LED-02413,2019-08-22,2024-08-07,2024-08-14,1812,7,FALLA,56760,47931
857,LED-02415,2020-06-13,2025-01-16,2025-01-19,1678,3,FALLA,49656,44766
858,LED-02419,2021-04-27,2025-08-26,2025-08-27,1582,1,FALLA,42024,42840
859,LED-02421,2020-09-30,2024-04-08,2024-04-11,1286,3,FALLA,47040,35952
860,LED-02424,2020-09-15,2024-07-02,2024-07-04,1386,2,FALLA,47400,36936
861,LED-02425,2020-07-27,2023-11-28,2023-11-29,1219,1,FALLA,48600,32784
862,LED-02426,2020-05-12,2023-06-25,2023-06-30,1139,5,FALLA,50424,31069
863,LED-02427,2021-02-07,2024-05-22,2024-05-25,1200,3,FALLA,43920,30693
864,LED-02428,2020-06-05,2023-04-24,2023-04-25,1053,1,FALLA,49848,28101
865,LED-02429,2022-03-22,2024-04-26,2024-04-30,766,4,FALLA,34128,21280
866,LED-02430,2021-01-05,2024-02-23,2024-02-29,1144,6,FALLA,44712,31803
867,LED-02431,2020-04-18,2025-09-03,2025-09-10,1964,7,FALLA,51000,51968
868,LED-02432,2020-11-18,2025-09-29,2025-10-03,1776,4,FALLA,45864,45925
869,LED-02436,2021-04-10,2023-10-02,2023-10-07,905,5,FALLA,42432,24410
870,LED-02437,2020-09-09,2024-04-05,2024-04-10,1304,5,FALLA,47544,31978
871,LED-02438,2019-08-28,2024-02-08,2024-02-12,1625,4,FALLA,56616,41012
872,LED-02440,2021-05-07,2025-07-24,2025-07-27,1539,3,FALLA,41784,42600
873,LED-02441,2021-09-01,2025-03-03,2025-03-04,1279,1,FALLA,38976,35868
874,LED-02444,2020-05-15,2023-11-01,2023-11-07,1265,6,FALLA,50352,34657
875,LED-02445,2019-10-03,2024-08-28,2024-09-01,1791,4,FALLA,55752,47583
876,LED-02456,2020-07-20,2025-07-31,2025-08-05,1837,5,FALLA,48768,46677
877,LED-02469,2019-09-02,2024-01-12,2024-01-13,1593,1,FALLA,56496,39289
878,LED-02544,2020-07-05,2025-12-25,2025-12-28,1999,3,FALLA,49128,54236
879,LED-02571,2019-09-30,2024-10-28,2024-11-01,1855,4,FALLA,55824,49813
880,LED-02621,2019-08-27,2023-09-11,2023-09-16,1476,5,FALLA,56640,37696
881,LED-02625,2021-08-21,2024-12-01,2024-12-05,1198,4,FALLA,39240,33790
882,LED-02626,2021-02-15,2025-11-30,2025-12-03,1749,3,FALLA,43728,43030
883,LED-02628,2021-07-30,2025-05-31,2025-06-05,1401,5,FALLA,39768,34958
884,LED-02630,2020-11-12,2025-02-23,2025-02-24,1564,1,FALLA,46008,39498
885,LED-02631,2020-06-14,2024-09-02,2024-09-09,1541,7,FALLA,49632,42473
886,LED-02632,2019-09-05,2023-12-16,2023-12-20,1563,4,FALLA,56424,40808
887,LED-02633,2020-05-29,2025-02-11,2025-02-12,1719,1,FALLA,50016,42170
888,LED-02636,2020-03-24,2024-10-18,2024-10-24,1669,6,FALLA,51600,43724
889,LED-02637,2020-06-23,2024-05-27,2024-06-02,1434,6,FALLA,49416,37484
890,LED-02638,2020-08-10,2024-08-06,2024-08-08,1457,2,FALLA,48264,39743
891,LED-02640,2020-07-19,2025-08-09,2025-08-12,1847,3,FALLA,48792,49572
892,LED-02642,2020-09-30,2025-02-18,2025-02-22,1602,4,FALLA,47040,41867
893,LED-02643,2022-07-19,2025-12-30,2026-01-04,1260,5,FALLA,31272,31146
894,LED-02644,2020-02-10,2025-04-18,2025-04-25,1894,7,FALLA,52632,48442
895,LED-02645,2020-02-09,2024-03-29,2024-04-05,1510,7,FALLA,52656,37281
896,LED-02647,2020-07-25,2025-08-29,2025-09-04,1861,6,FALLA,48648,46304
897,LED-02659,2021-05-29,2025-10-21,2025-10-24,1606,3,FALLA,41256,42297
898,LED-02660,2020-08-21,2025-01-31,2025-02-02,1624,2,FALLA,48000,43420
899,LED-02661,2020-04-11,2025-01-28,2025-02-02,1753,5,FALLA,51168,45293
900,LED-02666,2020-01-02,2024-07-31,2024-08-03,1672,3,FALLA,53568,45551
901,LED-02667,2020-06-16,2025-09-07,2025-09-10,1909,3,FALLA,49584,47307
902,LED-02669,2019-08-13,2025-02-13,2025-02-17,2011,4,FALLA,56976,51213
903,LED-02670,2020-02-16,2025-07-26,2025-07-28,1987,2,FALLA,52488,51199
904,LED-02679,2020-06-15,2025-07-19,2025-07-23,1860,4,FALLA,49608,49984
905,LED-02695,2020-06-05,2025-02-19,2025-02-25,1720,6,FALLA,49848,45587
906,LED-02731,2020-07-23,2025-10-18,2025-10-25,1913,7,FALLA,48696,47480
907,LED-02734,2019-10-23,2024-09-28,2024-10-05,1802,7,FALLA,55272,49095
908,LED-02735,2021-05-20,2025-09-14,2025-09-15,1578,1,FALLA,41472,41219
909,LED-02736,2020-04-01,2024-08-27,2024-09-03,1609,7,FALLA,51408,41735
910,LED-02744,2019-09-03,2024-07-19,2024-07-26,1781,7,FALLA,56472,45220
911,LED-02747,2019-12-06,2024-04-17,2024-04-22,1594,5,FALLA,54216,39437
912,LED-02748,2020-06-09,2026-01-05,2026-01-07,2036,2,FALLA,49752,54373
913,LED-02749,2020-08-24,2025-03-30,2025-04-02,1679,3,FALLA,47928,42505
914,LED-02753,2019-10-27,2024-08-17,2024-08-20,1756,3,FALLA,55176,45594
915,LED-02756,2019-11-29,2025-05-11,2025-05-12,1990,1,FALLA,54384,51549
916,LED-02759,2021-02-08,2025-12-21,2025-12-24,1777,3,FALLA,43896,45506
917,LED-02760,2021-02-11,2025-12-20,2025-12-25,1773,5,FALLA,43824,44822
918,LED-02765,2020-02-08,2025-07-25,2025-07-29,1994,4,FALLA,52680,53285
919,LED-02767,2019-09-12,2025-02-13,2025-02-20,1981,7,FALLA,56256,50858
920,LED-02770,2020-07-27,2025-03-26,2025-03-28,1703,2,FALLA,48600,47355
921,LED-02772,2022-02-19,2025-09-21,2025-09-26,1310,5,FALLA,34872,34533
922,LED-02775,2019-11-03,2023-09-05,2023-09-11,1402,6,FALLA,55008,36106
923,LED-02776,2020-04-26,2024-12-09,2024-12-10,1688,1,FALLA,50808,45461
924,LED-02777,2020-08-19,2025-08-13,2025-08-19,1820,6,FALLA,48048,44650
925,LED-02780,2020-02-14,2023-09-20,2023-09-27,1314,7,FALLA,52536,36480
926,LED-02784,2019-11-20,2024-06-11,2024-06-16,1665,5,FALLA,54600,44345
927,LED-02786,2019-12-12,2025-09-05,2025-09-06,2094,1,FALLA,54072,51463
928,LED-02787,2021-06-14,2025-07-17,2025-07-22,1494,5,FALLA,40872,41199
929,LED-02788,2019-08-10,2023-03-18,2023-03-21,1316,3,FALLA,57048,35941
930,LED-02790,2020-03-28,2024-05-29,2024-06-01,1523,3,FALLA,51504,41484
931,LED-02793,2019-08-04,2023-06-01,2023-06-02,1397,1,FALLA,57192,36906
932,LED-02795,2021-11-16,2025-07-17,2025-07-22,1339,5,FALLA,37152,34510
933,LED-02800,2020-10-10,2024-10-04,2024-10-11,1455,7,FALLA,46800,40104
